Number,Unique Code
1,edd26b67-590d-4b36-9a2d-a44f0e0fff4f
2,fffa65d4-38d2-4b0c-a61e-dcb207c21660
3,2a9b8f9f-e107-49ac-a0bf-0862b8e1bf60
4,5808e7af-1dcb-4cec-90a9-3b10f9388a74
5,1ee2c959-0863-473e-91af-3416d5a680d4
6,60536275-3ea8-4144-89af-1332ac299f7d
7,ba94aadb-a038-45cf-88ed-7102345a19e4
8,715745df-126d-426f-a3de-83f73371508b
9,5e129ffe-0414-4687-b916-f389cb38d81c
10,369ced5d-3b07-4833-b629-3b62795da9a1
11,f69a61ce-439d-4196-b5ea-fc051a598da0
12,badc9401-a0e6-4f6a-8b86-123aa20ee6cf
13,1af86993-2cb3-410f-95e5-7e7a2dc94d2e
14,66f1c046-c6cc-45eb-8f39-92f4ab3d6ae1
15,3d020c81-38c9-4d78-aa0b-d6c83174c791
16,54533b8b-e7c5-4399-9176-809d4af26c76
17,4e249db2-60fb-4100-aead-025691fc9a98
18,d9441523-8f05-452f-abda-06c38c75ce18
19,5b950a88-b8d0-4185-a149-7b2f0b148701
20,77e49474-e6b4-4369-a692-fd8b40a72b9b
21,50261505-e26a-45c4-a8ba-005007d6ca2f
22,dc69181e-dd0f-4e13-8428-ee03fbb98c0e
23,407fb93d-3989-4be9-8dc6-b4348a345b2c
24,b427fe95-a85b-4cb1-958f-5c2a91e5b9c3
25,6cd80740-38f2-4bf8-9389-30dbaa056a5a
26,74659bfd-752b-47f4-821a-bb1bb7a6d74e
27,3dfcf646-322c-4273-a29b-1ff6bfb613bc
28,edeaff79-0d49-41a4-b0e4-0ce89932d5ce
29,b9f56da9-0594-4cab-833d-192cd97bd3b3
30,a9cf8f56-387b-4df7-b124-f0ad5519d660
31,89765a8a-c505-4ab4-9c77-c36f905498b0
32,a47e5a89-7f59-4502-84da-8bfd6578f301
33,e89135d0-ea0e-4667-8578-178bf7b29b33
34,3246cd2c-e52e-45d5-9faf-93f96d0ffe07
35,0a2bc411-bc0b-4421-9f74-500d970b2b72
36,14e54169-69bb-4dfe-80da-637b24650dd0
37,9aabb094-c622-4c31-9bc0-e1bb3d54bad0
38,10137b7c-1fb2-4950-980f-3f8e2e3b0956
39,7a49fbc2-3915-4dd2-bff4-5de23d2a27e3
40,15d5a422-3903-425d-b63b-9eb3ba8f0737
41,d4c80f3f-c976-4b79-a045-300f3caeb94e
42,f66c2c37-b32c-40c6-9e9d-e59d9d934689
43,8a101322-9af1-4826-bdf4-4704f9ef33e2
44,6cac4032-b3fc-4839-8511-b08f40463521
45,be2e5ff6-49ae-49b6-9923-06d226dd9097
46,c86a1ef4-6182-4e71-b1b0-a299d4469910
47,389080ab-aaa1-4449-88f7-01c6871b2dbb
48,eb4932f9-6588-4784-9e69-0c19f0d9d0a3
49,8f5edc95-c9f1-4fab-b5c8-19d3638df7f4
50,870bbf84-351f-4bf2-8809-4b927db69530
51,413ed593-6360-477c-b7ad-3296219fbfbd
52,92b0258f-a6cf-42a2-8461-9acc09996f85
53,f90fbbd1-ae08-4c3c-8e8d-76f3eb60d656
54,360068ea-456d-4f94-afb6-29fbbad10b97
55,968c9a6c-569f-4e2d-95eb-3d0d4a1a393e
56,a5862e2e-2952-4616-98e7-57e0ca45a411
57,ce3a412f-e031-448c-b663-db92a05ba750
58,9a657a7f-2384-49f1-8c2a-0808f601688c
59,aea65eda-44c8-4041-9365-33d5d8d636a4
60,cc6a2635-1298-4d30-ae77-f4783fcf759e
61,e3318f09-6582-455c-bedf-b88b09afda41
62,ffb838d5-c149-471a-96f3-617b8f509654
63,c2584d34-ab7f-415f-bc81-e3ff73f485cb
64,65169734-f153-4eb9-b6cc-d2464bc5cdb0
65,229a840b-b04d-411c-a268-29b02b45b623
66,572b9c31-1bfd-4003-aadd-0933f58deaf8
67,f194deeb-8967-4cd1-a2ea-3fdb6bea8f1f
68,1ae8838b-0ecb-4bee-ba0b-c9b431f08042
69,a9e025f5-188f-4cca-b095-7623bf3fd0c9
70,2d1baeb5-6768-4e79-bba4-e27d013b60dd
71,e415a2d8-70f4-4108-8208-a6736c232410
72,22801e73-567f-4002-8fe2-c532630d355f
73,e21abe8b-4437-4f44-a0b0-50c701fd3abf
74,0b947be7-a92f-4a1e-b40b-349997b05423
75,796877d3-c359-407d-83fd-c1bfb18d7bfb
76,a8d27a3d-ac84-4dee-97a9-f7f1f4397241
77,3d52a912-d32d-4cd9-9dba-7e282d91721b
78,36333324-2ba5-41b0-947f-adf92a2e73cf
79,f9c47d56-8823-4e5c-a56b-0bade6cc2632
80,b92850c6-1c9b-43fe-94db-e06f64d3bb7f
81,bbd31157-4b28-45a2-860a-085d38a19b48
82,c377ba80-3fa7-404d-a290-a8031945c111
83,1d191309-b22f-4a37-8a83-ccab3d4e7dbd
84,47ea0298-2b5e-46bb-9fce-d160351b2faa
85,e624c285-a49a-4dbd-adb1-1839b9d5e753
86,44d00e94-19bb-47b1-82ff-b9b522487480
87,aeb6a823-3acb-4533-95c8-148d8ec06c79
88,d2522bc9-12dc-4d37-bdf7-48ea2e711f47
89,aa7d63ce-1cc2-462a-8f9c-144060a99ce4
90,d33749c5-0fa7-4b08-9c1a-a61a377398e1
91,c3589a6e-87b2-4c29-848e-d6ae2ea92560
92,571e54d0-dc8b-4f47-8c4b-fbe460f38124
93,1044cdfb-60d9-49b0-8abb-888771c0a27d
94,b3fa8c78-ec9b-428e-8b0d-b7c97e27858a
95,36d165a6-285e-4124-8556-12e0fbfa3300
96,ad095649-6b9f-40b2-9164-de04376d649c
97,b76e8385-eceb-4543-ba9a-63067d4bdc13
98,0b4da681-16bd-494d-b259-723dd004b26f
99,f4f8960d-96fe-47c6-907a-6a1e204c5276
100,88ca0296-aad9-467f-857d-9210e86fad14
